flyID,batch_combination,sperm_donor_hatch,SF_donor_hatch,dissection_date,time_recording,sperm_age,seminal_fluid_age,treatment_combination,mean_motility_3frames,sperm_motility_frame1,sperm_motility_frame2,sperm_motility_frame3,sperm_motility_field_of_view,video_filename_old,video_recoded
1,"H,H",14.01.23,14.01.23,30.01.23,0,young sperm,young SF,young sperm with young SF,8.179033333,9.6795,6.8651,7.9925,5.3389,Fly1_0min,1
1,"H,H",14.01.23,14.01.23,30.01.23,2,young sperm,young SF,young sperm with young SF,6.746066667,8.3987,5.6747,6.1648,4.4019,Fly1_2min,2
1,"H,H",14.01.23,14.01.23,30.01.23,4,young sperm,young SF,young sperm with young SF,6.2026,7.806,5.7581,5.0437,4.0961,Fly1_4min,3
1,"H,H",14.01.23,14.01.23,30.01.23,6,young sperm,young SF,young sperm with young SF,5.95,7.3139,5.6324,4.9037,3.8298,Fly1_6min,4
2,"H,B",14.01.23,30.12.22,30.01.23,0,young sperm,old SF,young sperm with old SF,7.829166667,8.0761,9.3639,6.0475,4.5933,Fly2_0min,5
2,"H,B",14.01.23,30.12.22,30.01.23,2,young sperm,old SF,young sperm with old SF,7.047966667,7.4342,8.3869,5.3228,4.3681,Fly2_2min,6
2,"H,B",14.01.23,30.12.22,30.01.23,4,young sperm,old SF,young sperm with old SF,5.9737,6.9966,6.1981,4.7264,4.1165,Fly2_4min,7
2,"H,B",14.01.23,30.12.22,30.01.23,6,young sperm,old SF,young sperm with old SF,5.473266667,7.0257,5.3665,4.0276,3.919,Fly2_6min,8
3,"B,B",30.12.22,30.12.22,30.01.23,0,old sperm,old SF,old sperm with old SF,9.793533333,8.6886,11.486,9.206,7.6633,Fly3_0min,9
3,"B,B",30.12.22,30.12.22,30.01.23,2,old sperm,old SF,old sperm with old SF,7.748433333,7.164,7.2585,8.8228,6.927,Fly3_2min,10
3,"B,B",30.12.22,30.12.22,30.01.23,4,old sperm,old SF,old sperm with old SF,6.481166667,6.8606,4.4899,8.093,5.7336,Fly3_4min,11
3,"B,B",30.12.22,30.12.22,30.01.23,6,old sperm,old SF,old sperm with old SF,5.886666667,6.212,3.6943,7.7537,4.8742,Fly3_6min,12
4,"B,H",30.12.22,14.01.23,30.01.23,0,old sperm,young SF,old sperm with young SF,2.113,2.1991,2.0965,2.0434,1.8885,Fly4_0min,13
4,"B,H",30.12.22,14.01.23,30.01.23,2,old sperm,young SF,old sperm with young SF,1.935366667,1.9727,2.0256,1.8078,1.684,Fly4_2min,14
4,"B,H",30.12.22,14.01.23,30.01.23,4,old sperm,young SF,old sperm with young SF,2.125766667,2.2043,2.1926,1.9804,1.6769,Fly4_4min,15
4,"B,H",30.12.22,14.01.23,30.01.23,6,old sperm,young SF,old sperm with young SF,2.204633333,2.1296,2.2134,2.2709,1.7538,Fly4_6min,16
5,"H,H",14.01.23,14.01.23,30.01.23,0,young sperm,young SF,young sperm with young SF,8.703566667,11.0439,8.1548,6.912,4.4261,Fly5_0min,17
5,"H,H",14.01.23,14.01.23,30.01.23,2,young sperm,young SF,young sperm with young SF,8.3082,10.2761,8.0362,6.6123,4.0139,Fly5_2min,18
5,"H,H",14.01.23,14.01.23,30.01.23,4,young sperm,young SF,young sperm with young SF,7.722433333,9.0588,7.7429,6.3656,3.8515,Fly5_4min,19
5,"H,H",14.01.23,14.01.23,30.01.23,6,young sperm,young SF,young sperm with young SF,7.3927,8.4537,7.7538,5.9706,3.7149,Fly5_6min,20
6,"H,H",14.01.23,14.01.23,30.01.23,0,young sperm,young SF,young sperm with young SF,12.0352,13.6235,12.0214,10.4607,7.5867,Fly6_0min,21
6,"H,H",14.01.23,14.01.23,30.01.23,2,young sperm,young SF,young sperm with young SF,10.69,12.655,10.1288,9.2862,7.1049,Fly6_2min,22
6,"H,H",14.01.23,14.01.23,30.01.23,4,young sperm,young SF,young sperm with young SF,4.984666667,6.5404,2.9315,5.4821,4.2894,Fly6_4min,23
6,"H,H",14.01.23,14.01.23,30.01.23,6,young sperm,young SF,young sperm with young SF,3.224566667,4.6917,1.5474,3.4346,2.9216,Fly6_6min,24
7,"H,B",14.01.23,30.12.22,30.01.23,0,young sperm,old SF,young sperm with old SF,5.3983,6.8713,5.6017,3.7219,3.0766,Fly7_0min,25
7,"H,B",14.01.23,30.12.22,30.01.23,2,young sperm,old SF,young sperm with old SF,3.921966667,5.0381,4.1791,2.5487,2.3395,Fly7_2min,26
7,"H,B",14.01.23,30.12.22,30.01.23,4,young sperm,old SF,young sperm with old SF,3.7763,4.8556,4.0867,2.3866,2.0899,Fly7_4min,27
7,"H,B",14.01.23,30.12.22,30.01.23,6,young sperm,old SF,young sperm with old SF,3.448133333,4.5984,3.4145,2.3315,1.9454,Fly7_6min,28
8,"B,B",30.12.22,30.12.22,30.01.23,0,old sperm,old SF,old sperm with old SF,8.614466667,8.8018,9.5268,7.5148,5.2974,Fly8_0min,29
8,"B,B",30.12.22,30.12.22,30.01.23,2,old sperm,old SF,old sperm with old SF,6.787433333,6.8125,7.9506,5.5992,3.5816,Fly8_2min,30
8,"B,B",30.12.22,30.12.22,30.01.23,4,old sperm,old SF,old sperm with old SF,5.242666667,5.1796,6.4818,4.0666,2.6282,Fly8_4min,31
8,"B,B",30.12.22,30.12.22,30.01.23,6,old sperm,old SF,old sperm with old SF,2.862933333,2.1064,3.8996,2.5828,1.8636,Fly8_6min,32
9,"B,H",30.12.22,14.01.23,30.01.23,0,old sperm,young SF,old sperm with young SF,8.9085,9.2181,8.0399,9.4675,6.7872,Fly9_0min,33
9,"B,H",30.12.22,14.01.23,30.01.23,2,old sperm,young SF,old sperm with young SF,8.542,8.0432,7.5019,10.0809,7.1322,Fly9_2min,34
9,"B,H",30.12.22,14.01.23,30.01.23,4,old sperm,young SF,old sperm with young SF,7.602066667,7.5365,7.3552,7.9145,6.0784,Fly9_4min,35
9,"B,H",30.12.22,14.01.23,30.01.23,6,old sperm,young SF,old sperm with young SF,6.9038,6.9623,7.0013,6.7478,5.1324,Fly9_6min,36
10,"B,H",30.12.22,14.01.23,30.01.23,0,old sperm,young SF,old sperm with young SF,9.5323,9.2824,9.7752,9.5393,6.5741,Fly10_0min,37
10,"B,H",30.12.22,14.01.23,30.01.23,2,old sperm,young SF,old sperm with young SF,8.6924,8.517,8.7611,8.7991,5.6013,Fly10_2min,38
10,"B,H",30.12.22,14.01.23,30.01.23,4,old sperm,young SF,old sperm with young SF,8.173666667,7.7295,8.4424,8.3491,5.0666,Fly10_4min,39
10,"B,H",30.12.22,14.01.23,30.01.23,6,old sperm,young SF,old sperm with young SF,7.694333333,7.3769,8.0858,7.6203,4.6152,Fly10_6min,40
11,"B,B",30.12.22,30.12.22,30.01.23,0,old sperm,old SF,old sperm with old SF,6.766466667,7.1131,8.6994,4.4869,2.6028,Fly11_0min,41
11,"B,B",30.12.22,30.12.22,30.01.23,2,old sperm,old SF,old sperm with old SF,4.947666667,5.1759,6.7345,2.9326,2.265,Fly11_2min,42
11,"B,B",30.12.22,30.12.22,30.01.23,4,old sperm,old SF,old sperm with old SF,4.510333333,3.7363,7.1448,2.6499,2.0621,Fly11_4min,43
11,"B,B",30.12.22,30.12.22,30.01.23,6,old sperm,old SF,old sperm with old SF,3.835533333,3.0018,5.8149,2.6899,1.9338,Fly11_6min,44
12,"B,H",30.12.22,14.01.23,30.01.23,0,old sperm,young SF,old sperm with young SF,11.57253333,10.8624,14.2293,9.6259,9.8236,Fly12_0min,45
12,"B,H",30.12.22,14.01.23,30.01.23,2,old sperm,young SF,old sperm with young SF,8.0793,7.9223,8.6477,7.6679,7.2062,Fly12_2min,46
12,"B,H",30.12.22,14.01.23,30.01.23,4,old sperm,young SF,old sperm with young SF,6.910566667,6.8955,7.6475,6.1887,5.9283,Fly12_4min,47
12,"B,H",30.12.22,14.01.23,30.01.23,6,old sperm,young SF,old sperm with young SF,4.871,4.5579,5.0945,4.9606,4.2439,Fly12_6min,48
13,"H,H",14.01.23,14.01.23,31.01.23,0,young sperm,young SF,young sperm with young SF,5.962566667,5.7718,8.2717,3.8442,2.3021,Fly13_0min,49
13,"H,H",14.01.23,14.01.23,31.01.23,2,young sperm,young SF,young sperm with young SF,5.1848,5.2756,7.4507,2.8281,2.0826,Fly13_2min,50
13,"H,H",14.01.23,14.01.23,31.01.23,4,young sperm,young SF,young sperm with young SF,5.052433333,5.0148,7.5876,2.5549,1.905,Fly13_4min,51
13,"H,H",14.01.23,14.01.23,31.01.23,6,young sperm,young SF,young sperm with young SF,4.402866667,4.513,6.9674,1.7282,1.7567,Fly13_6min,52
14,"H,B",14.01.23,30.12.22,31.01.23,0,young sperm,old SF,young sperm with old SF,9.239266667,10.0256,9.5193,8.1729,5.9219,Fly14_0min,53
14,"H,B",14.01.23,30.12.22,31.01.23,2,young sperm,old SF,young sperm with old SF,8.356,8.1652,9.6731,7.2297,5.7444,Fly14_2min,54
14,"H,B",14.01.23,30.12.22,31.01.23,4,young sperm,old SF,young sperm with old SF,7.2188,6.9721,8.3234,6.3609,5.4922,Fly14_4min,55
14,"H,B",14.01.23,30.12.22,31.01.23,6,young sperm,old SF,young sperm with old SF,6.580533333,6.0026,7.8693,5.8697,5.2389,Fly14_6min,56
15,"B,B",30.12.22,30.12.22,31.01.23,0,old sperm,old SF,old sperm with old SF,5.469066667,5.0875,5.901,5.4187,3.8804,Fly15_0min,57
15,"B,B",30.12.22,30.12.22,31.01.23,2,old sperm,old SF,old sperm with old SF,4.6533,4.8844,4.2093,4.8662,3.3873,Fly15_2min,58
15,"B,B",30.12.22,30.12.22,31.01.23,4,old sperm,old SF,old sperm with old SF,3.079866667,3.8269,2.4531,2.9596,2.4444,Fly15_4min,59
15,"B,B",30.12.22,30.12.22,31.01.23,6,old sperm,old SF,old sperm with old SF,1.969833333,2.7851,1.5191,1.6053,1.9408,Fly15_6min,60
16,"B,B",30.12.22,30.12.22,31.01.23,0,old sperm,old SF,old sperm with old SF,6.163966667,5.9557,5.5542,6.982,4.5102,Fly16_0min,61
16,"B,B",30.12.22,30.12.22,31.01.23,2,old sperm,old SF,old sperm with old SF,4.8574,5.017,3.7284,5.8268,3.5167,Fly16_2min,62
16,"B,B",30.12.22,30.12.22,31.01.23,4,old sperm,old SF,old sperm with old SF,3.165,3.1239,2.2433,4.1278,2.5263,Fly16_4min,63
16,"B,B",30.12.22,30.12.22,31.01.23,6,old sperm,old SF,old sperm with old SF,2.455933333,2.0528,1.7242,3.5908,2.0034,Fly16_6min,64
17,"B,H",30.12.22,14.01.23,31.01.23,0,old sperm,young SF,old sperm with young SF,9.948433333,10.0608,9.1515,10.633,5.2697,Fly17_0min,65
17,"B,H",30.12.22,14.01.23,31.01.23,2,old sperm,young SF,old sperm with young SF,9.048433333,8.7035,8.4091,10.0327,4.7951,Fly17_2min,66
17,"B,H",30.12.22,14.01.23,31.01.23,4,old sperm,young SF,old sperm with young SF,9.1102,8.849,8.8917,9.5899,4.7704,Fly17_4min,67
17,"B,H",30.12.22,14.01.23,31.01.23,6,old sperm,young SF,old sperm with young SF,8.7507,8.7586,7.915,9.5785,4.6513,Fly17_6min,68
18,"H,H",14.01.23,14.01.23,31.01.23,0,young sperm,young SF,young sperm with young SF,6.956433333,6.5312,6.5596,7.7785,4.2383,Fly18_0min,69
18,"H,H",14.01.23,14.01.23,31.01.23,2,young sperm,young SF,young sperm with young SF,5.0745,4.5594,4.3418,6.3223,3.155,Fly18_2min,70
18,"H,H",14.01.23,14.01.23,31.01.23,4,young sperm,young SF,young sperm with young SF,4.197133333,3.997,3.7108,4.8836,2.7275,Fly18_4min,71
18,"H,H",14.01.23,14.01.23,31.01.23,6,young sperm,young SF,young sperm with young SF,2.9832,3.5549,2.786,2.6087,2.2747,Fly18_6min,72
19,"H,B",14.01.23,30.12.22,31.01.23,0,young sperm,old SF,young sperm with old SF,8.3467,6.6405,9.16,9.2396,4.1761,Fly19_0min,73
19,"H,B",14.01.23,30.12.22,31.01.23,2,young sperm,old SF,young sperm with old SF,6.1467,5.343,6.2625,6.8346,3.425,Fly19_2min,74
19,"H,B",14.01.23,30.12.22,31.01.23,4,young sperm,old SF,young sperm with old SF,5.135733333,4.6686,5.0127,5.7259,3.0138,Fly19_4min,75
19,"H,B",14.01.23,30.12.22,31.01.23,6,young sperm,old SF,young sperm with old SF,4.689466667,4.4012,3.8885,5.7787,2.696,Fly19_6min,76
20,"H,B",14.01.23,30.12.22,31.01.23,0,young sperm,old SF,young sperm with old SF,8.5739,8.4325,7.9757,9.3135,4.6889,Fly20_0min,77
20,"H,B",14.01.23,30.12.22,31.01.23,2,young sperm,old SF,young sperm with old SF,7.4087,7.0746,6.722,8.4295,3.8761,Fly20_2min,78
20,"H,B",14.01.23,30.12.22,31.01.23,4,young sperm,old SF,young sperm with old SF,6.776266667,6.6717,6.0759,7.5812,3.5587,Fly20_4min,79
20,"H,B",14.01.23,30.12.22,31.01.23,6,young sperm,old SF,young sperm with old SF,6.397233333,5.9558,6.0514,7.1845,3.3894,Fly20_6min,80
21,"H,B",14.01.23,30.12.22,31.01.23,0,young sperm,old SF,young sperm with old SF,7.661866667,7.422,7.9458,7.6178,6.2787,Fly21_0min,81
21,"H,B",14.01.23,30.12.22,31.01.23,2,young sperm,old SF,young sperm with old SF,6.2494,5.6685,6.3732,6.7065,5.2752,Fly21_2min,82
21,"H,B",14.01.23,30.12.22,31.01.23,4,young sperm,old SF,young sperm with old SF,5.124133333,5.05,4.931,5.3914,4.547,Fly21_4min,83
21,"H,B",14.01.23,30.12.22,31.01.23,6,young sperm,old SF,young sperm with old SF,4.464733333,3.8073,4.2262,5.3607,4.2678,Fly21_6min,84
22,"H,H",14.01.23,14.01.23,31.01.23,0,young sperm,young SF,young sperm with young SF,13.36883333,18.8456,10.8586,10.4023,6.7645,Fly22_0min,85
22,"H,H",14.01.23,14.01.23,31.01.23,2,young sperm,young SF,young sperm with young SF,10.3084,13.618,9.1523,8.1549,6.228,Fly22_2min,86
22,"H,H",14.01.23,14.01.23,31.01.23,4,young sperm,young SF,young sperm with young SF,8.006566667,9.9804,7.577,6.4623,5.4872,Fly22_4min,87
22,"H,H",14.01.23,14.01.23,31.01.23,6,young sperm,young SF,young sperm with young SF,6.436133333,8.0773,5.8561,5.375,4.9654,Fly22_6min,88
23,"I,B",18.01.23,30.12.22,01.02.23,0,young sperm,old SF,young sperm with old SF,11.02126667,10.5373,11.0584,11.4681,6.7812,Fly23_0min,89
23,"I,B",18.01.23,30.12.22,01.02.23,2,young sperm,old SF,young sperm with old SF,8.3351,8.1365,8.4131,8.4557,5.8495,Fly23_2min,90
23,"I,B",18.01.23,30.12.22,01.02.23,4,young sperm,old SF,young sperm with old SF,7.2898,6.7399,7.5459,7.5836,5.4264,Fly23_4min,91
23,"I,B",18.01.23,30.12.22,01.02.23,6,young sperm,old SF,young sperm with old SF,6.4877,6.1177,6.7815,6.5639,5.0632,Fly23_6min,92
24,"B,B",30.12.22,30.12.22,01.02.23,0,old sperm,old SF,old sperm with old SF,9.625066667,10.4108,9.4922,8.9722,7.9735,Fly24_0min,93
24,"B,B",30.12.22,30.12.22,01.02.23,2,old sperm,old SF,old sperm with old SF,9.672466667,9.8604,9.654,9.503,8.537,Fly24_2min,94
24,"B,B",30.12.22,30.12.22,01.02.23,4,old sperm,old SF,old sperm with old SF,9.429266667,9.6913,8.747,9.8495,8.1991,Fly24_4min,95
24,"B,B",30.12.22,30.12.22,01.02.23,6,old sperm,old SF,old sperm with old SF,8.738033333,9.1983,8.681,8.3348,7.7502,Fly24_6min,96
25,"B,I",30.12.22,18.01.23,01.02.23,0,old sperm,young SF,old sperm with young SF,,,,,1.9205,Fly25_0min,97
25,"B,I",30.12.22,18.01.23,01.02.23,2,old sperm,young SF,old sperm with young SF,,,,,1.3167,Fly25_2min,98
25,"B,I",30.12.22,18.01.23,01.02.23,4,old sperm,young SF,old sperm with young SF,,,,,1.249,Fly25_4min,99
25,"B,I",30.12.22,18.01.23,01.02.23,6,old sperm,young SF,old sperm with young SF,,,,,1.2175,Fly25_6min,100
26,"I,I",18.01.23,18.01.23,01.02.23,0,young sperm,young SF,young sperm with young SF,11.7979,10.7119,9.9895,14.6923,6.5314,Fly26_0min,101
26,"I,I",18.01.23,18.01.23,01.02.23,2,young sperm,young SF,young sperm with young SF,8.791,8.1044,8.6683,9.6003,5.2658,Fly26_2min,102
26,"I,I",18.01.23,18.01.23,01.02.23,4,young sperm,young SF,young sperm with young SF,7.117266667,5.6617,7.2478,8.4423,4.7281,Fly26_4min,103
26,"I,I",18.01.23,18.01.23,01.02.23,6,young sperm,young SF,young sperm with young SF,5.663133333,4.0551,6.1839,6.7504,4.3141,Fly26_6min,104
27,"I,B",18.01.23,18.01.23,01.02.23,0,young sperm,old SF,young sperm with old SF,10.86026667,9.9935,11.7912,10.7961,6.9106,Fly27_0min,105
27,"I,B",18.01.23,18.01.23,01.02.23,2,young sperm,old SF,young sperm with old SF,9.2567,8.9552,11.12,7.6949,6.2391,Fly27_2min,106
27,"I,B",18.01.23,18.01.23,01.02.23,4,young sperm,old SF,young sperm with old SF,8.6009,8.0922,10.566,7.1445,5.9888,Fly27_4min,107
27,"I,B",18.01.23,18.01.23,01.02.23,6,young sperm,old SF,young sperm with old SF,8.297233333,7.9689,10.1938,6.729,5.7178,Fly27_6min,108
28,"B,B",30.12.22,30.12.22,01.02.23,0,old sperm,old SF,old sperm with old SF,,,,,1.4539,Fly28_0min,109
28,"B,B",30.12.22,30.12.22,01.02.23,2,old sperm,old SF,old sperm with old SF,,,,,1.3181,Fly28_2min,110
28,"B,B",30.12.22,30.12.22,01.02.23,4,old sperm,old SF,old sperm with old SF,,,,,1.3074,Fly28_4min,111
28,"B,B",30.12.22,30.12.22,01.02.23,6,old sperm,old SF,old sperm with old SF,,,,,1.2499,Fly28_6min,112
29,"B,I",30.12.22,18.01.23,01.02.23,0,old sperm,young SF,old sperm with young SF,6.014266667,5.6206,7.2079,5.2143,3.7004,Fly29_0min,113
29,"B,I",30.12.22,18.01.23,01.02.23,2,old sperm,young SF,old sperm with young SF,4.453,3.9826,6.0895,3.2869,3.0293,Fly29_2min,114
29,"B,I",30.12.22,18.01.23,01.02.23,4,old sperm,young SF,old sperm with young SF,3.933866667,3.1503,5.3709,3.2804,2.8107,Fly29_4min,115
29,"B,I",30.12.22,18.01.23,01.02.23,6,old sperm,young SF,old sperm with young SF,3.606933333,3.0624,5.0004,2.758,2.5274,Fly29_6min,116
30,"I,I",18.01.23,18.01.23,01.02.23,0,young sperm,young SF,young sperm with young SF,10.2055,11.2047,9.7387,9.6731,6.4386,Fly30_0min,117
30,"I,I",18.01.23,18.01.23,01.02.23,2,young sperm,young SF,young sperm with young SF,7.672333333,9.2297,7.9696,5.8177,5.463,Fly30_2min,118
30,"I,I",18.01.23,18.01.23,01.02.23,4,young sperm,young SF,young sperm with young SF,6.423833333,7.8325,7.0842,4.3548,4.6988,Fly30_4min,119
30,"I,I",18.01.23,18.01.23,01.02.23,6,young sperm,young SF,young sperm with young SF,5.682533333,6.8549,6.2747,3.918,4.3061,Fly30_6min,120
31,"B,B",30.12.22,30.12.22,01.02.23,0,old sperm,old SF,old sperm with old SF,2.845333333,2.9383,1.7861,3.8116,2.1052,Fly31_0min,121
31,"B,B",30.12.22,30.12.22,01.02.23,2,old sperm,old SF,old sperm with old SF,1.672166667,1.5682,1.317,2.1313,1.5824,Fly31_2min,122
31,"B,B",30.12.22,30.12.22,01.02.23,4,old sperm,old SF,old sperm with old SF,1.5352,1.4138,1.2774,1.9144,1.555,Fly31_4min,123
31,"B,B",30.12.22,30.12.22,01.02.23,6,old sperm,old SF,old sperm with old SF,1.504633333,1.4115,1.2611,1.8413,1.5849,Fly31_6min,124
32,"B,J",30.12.22,19.01.23,01.02.23,0,old sperm,young SF,old sperm with young SF,9.660066667,9.6535,9.8097,9.517,6.9757,Fly32_0min,125
32,"B,J",30.12.22,19.01.23,01.02.23,2,old sperm,young SF,old sperm with young SF,9.0768,9.4223,9.7046,8.1035,5.882,Fly32_2min,126
32,"B,J",30.12.22,19.01.23,01.02.23,4,old sperm,young SF,old sperm with young SF,8.460466667,8.8146,9.5451,7.0217,5.1428,Fly32_4min,127
32,"B,J",30.12.22,19.01.23,01.02.23,6,old sperm,young SF,old sperm with young SF,7.560566667,8.1101,9.6254,4.9462,4.5361,Fly32_6min,128
33,"J,J",19.01.23,19.01.23,01.02.23,0,young sperm,young SF,young sperm with young SF,9.476133333,11.0424,9.3684,8.0176,5.0947,Fly33_0min,129
33,"J,J",19.01.23,19.01.23,01.02.23,2,young sperm,young SF,young sperm with young SF,7.9848,9.4653,7.7551,6.734,4.47,Fly33_2min,130
33,"J,J",19.01.23,19.01.23,01.02.23,4,young sperm,young SF,young sperm with young SF,6.942333333,8.6915,6.9163,5.2192,4.1492,Fly33_4min,131
33,"J,J",19.01.23,19.01.23,01.02.23,6,young sperm,young SF,young sperm with young SF,6.4323,7.646,6.4645,5.1864,3.9836,Fly33_6min,132
34,"J,B",19.01.23,30.12.22,01.02.23,0,young sperm,old SF,young sperm with old SF,9.1417,8.3916,9.3411,9.6924,4.6762,Fly34_0min,133
34,"J,B",19.01.23,30.12.22,01.02.23,2,young sperm,old SF,young sperm with old SF,7.502533333,6.6835,7.7361,8.088,3.9759,Fly34_2min,134
34,"J,B",19.01.23,30.12.22,01.02.23,4,young sperm,old SF,young sperm with old SF,6.606333333,5.698,6.4234,7.6976,3.5963,Fly34_4min,135
34,"J,B",19.01.23,30.12.22,01.02.23,6,young sperm,old SF,young sperm with old SF,6.039833333,5.2651,5.421,7.4334,3.3788,Fly34_6min,136
35,"C,C",04.01.23,04.01.23,02.02.23,0,old sperm,old SF,old sperm with old SF,9.698733333,9.3787,8.6628,11.0547,7.4237,Fly35_0min,137
35,"C,C",04.01.23,04.01.23,02.02.23,2,old sperm,old SF,old sperm with old SF,8.4655,8.7693,8.1537,8.4735,6.7665,Fly35_2min,138
35,"C,C",04.01.23,04.01.23,02.02.23,4,old sperm,old SF,old sperm with old SF,7.327933333,7.5304,7.6165,6.8369,6.1517,Fly35_4min,139
35,"C,C",04.01.23,04.01.23,02.02.23,6,old sperm,old SF,old sperm with old SF,6.921566667,7.0531,7.0823,6.6293,5.7088,Fly35_6min,140
36,"C,J",04.01.23,19.01.23,02.02.23,0,old sperm,young SF,old sperm with young SF,11.5401,10.8612,12.239,11.5201,5.8254,Fly36_0min,141
36,"C,J",04.01.23,19.01.23,02.02.23,2,old sperm,young SF,old sperm with young SF,10.40836667,9.9296,9.8179,11.4776,5.4756,Fly36_2min,142
36,"C,J",04.01.23,19.01.23,02.02.23,4,old sperm,young SF,old sperm with young SF,9.048433333,8.9444,8.8576,9.3433,5.259,Fly36_4min,143
36,"C,J",04.01.23,19.01.23,02.02.23,6,old sperm,young SF,old sperm with young SF,8.873933333,8.3171,8.2909,10.0138,5.1174,Fly36_6min,144
37,"J,J",19.01.23,19.01.23,02.02.23,0,young sperm,young SF,young sperm with young SF,10.56563333,10.9617,10.5636,10.1716,8.0561,Fly37_0min,145
37,"J,J",19.01.23,19.01.23,02.02.23,2,young sperm,young SF,young sperm with young SF,9.368333333,9.1422,9.7426,9.2202,7.0191,Fly37_2min,146
37,"J,J",19.01.23,19.01.23,02.02.23,4,young sperm,young SF,young sperm with young SF,8.746833333,8.62,9.0429,8.5776,6.3543,Fly37_4min,147
37,"J,J",19.01.23,19.01.23,02.02.23,6,young sperm,young SF,young sperm with young SF,8.003266667,7.5281,8.3373,8.1444,6.0353,Fly37_6min,148
38,"J,C",19.01.23,04.01.23,02.02.23,0,young sperm,old SF,young sperm with old SF,9.054,9.6205,9.0105,8.531,6.9922,Fly38_0min,149
38,"J,C",19.01.23,04.01.23,02.02.23,2,young sperm,old SF,young sperm with old SF,8.271166667,8.7545,8.145,7.914,6.4237,Fly38_2min,150
38,"J,C",19.01.23,04.01.23,02.02.23,4,young sperm,old SF,young sperm with old SF,7.6208,8.3746,7.1906,7.2972,5.9877,Fly38_4min,151
38,"J,C",19.01.23,04.01.23,02.02.23,6,young sperm,old SF,young sperm with old SF,9.9649,10.6626,9.4309,9.8012,7.3275,Fly38_6min,152
39,"C,C",04.01.23,04.01.23,02.02.23,0,old sperm,old SF,old sperm with old SF,7.180566667,7.9322,7.7892,5.8203,5.5663,Fly39_0min,153
39,"C,C",04.01.23,04.01.23,02.02.23,2,old sperm,old SF,old sperm with old SF,5.5244,6.4624,6.6333,3.4775,3.9985,Fly39_2min,154
39,"C,C",04.01.23,04.01.23,02.02.23,4,old sperm,old SF,old sperm with old SF,4.505566667,5.3334,6.0082,2.1751,3.0849,Fly39_4min,155
39,"C,C",04.01.23,04.01.23,02.02.23,6,old sperm,old SF,old sperm with old SF,3.746433333,4.2587,5.348,1.6326,2.5122,Fly39_6min,156
40,"C,J",04.01.23,19.01.23,02.02.23,0,old sperm,young SF,old sperm with young SF,9.104466667,8.2593,10.4277,8.6264,5.618,Fly40_0min,157
40,"C,J",04.01.23,19.01.23,02.02.23,2,old sperm,young SF,old sperm with young SF,7.576266667,7.5972,8.1813,6.9503,4.2786,Fly40_2min,158
40,"C,J",04.01.23,19.01.23,02.02.23,4,old sperm,young SF,old sperm with young SF,6.472733333,6.4349,7.1714,5.8119,3.6161,Fly40_4min,159
40,"C,J",04.01.23,19.01.23,02.02.23,6,old sperm,young SF,old sperm with young SF,5.197266667,5.299,6.2398,4.053,3.1872,Fly40_6min,160
41,"J,J",19.01.23,19.01.23,02.02.23,0,young sperm,young SF,young sperm with young SF,9.175066667,8.9994,9.7295,8.7963,5.6284,Fly41_0min,161
41,"J,J",19.01.23,19.01.23,02.02.23,2,young sperm,young SF,young sperm with young SF,7.336166667,6.6164,7.6082,7.7839,4.9747,Fly41_2min,162
41,"J,J",19.01.23,19.01.23,02.02.23,4,young sperm,young SF,young sperm with young SF,6.038166667,5.8177,6.0157,6.2811,4.2572,Fly41_4min,163
41,"J,J",19.01.23,19.01.23,02.02.23,6,young sperm,young SF,young sperm with young SF,5.331833333,5.5187,5.4212,5.0556,4.02,Fly41_6min,164
42,"J,C",19.01.23,04.01.23,02.02.23,0,young sperm,old SF,young sperm with old SF,12.02786667,12.4966,9.7363,13.8507,5.6877,Fly42_0min,165
42,"J,C",19.01.23,04.01.23,02.02.23,2,young sperm,old SF,young sperm with old SF,9.356,9.3281,8.7559,9.984,6.2077,Fly42_2min,166
42,"J,C",19.01.23,04.01.23,02.02.23,4,young sperm,old SF,young sperm with old SF,8.7558,8.7542,7.6988,9.8144,6.2572,Fly42_4min,167
42,"J,C",19.01.23,04.01.23,02.02.23,6,young sperm,old SF,young sperm with old SF,8.462,8.5459,7.4431,9.397,6.0756,Fly42_6min,168
43,"C,J",04.01.23,19.01.23,02.02.23,0,old sperm,young SF,old sperm with young SF,9.359266667,9.856,9.877,8.3448,6.4823,Fly43_0min,169
43,"C,J",04.01.23,19.01.23,02.02.23,2,old sperm,young SF,old sperm with young SF,7.555966667,7.9228,7.9526,6.7925,5.2572,Fly43_2min,170
43,"C,J",04.01.23,19.01.23,02.02.23,4,old sperm,young SF,old sperm with young SF,6.5103,6.7042,6.6033,6.2234,4.5405,Fly43_4min,171
43,"C,J",04.01.23,19.01.23,02.02.23,6,old sperm,young SF,old sperm with young SF,5.7755,5.5456,5.9026,5.8783,3.9944,Fly43_6min,172
44,"C,C",04.01.23,04.01.23,02.02.23,0,old sperm,old SF,old sperm with old SF,8.636433333,7.5693,9.556,8.784,5.0419,Fly44_0min,173
44,"C,C",04.01.23,04.01.23,02.02.23,2,old sperm,old SF,old sperm with old SF,6.790866667,4.8897,7.8009,7.682,4.1097,Fly44_2min,174
44,"C,C",04.01.23,04.01.23,02.02.23,4,old sperm,old SF,old sperm with old SF,5.595366667,3.9085,6.5303,6.3473,3.3437,Fly44_4min,175
44,"C,C",04.01.23,04.01.23,02.02.23,6,old sperm,old SF,old sperm with old SF,3.923233333,2.0621,5.2049,4.5027,2.7856,Fly44_6min,176
45,"J,C",19.01.23,04.01.23,03.02.23,0,young sperm,old SF,young sperm with old SF,5.950266667,7.4571,5.7572,4.6365,3.6331,Fly45_0min,177
45,"J,C",19.01.23,04.01.23,03.02.23,2,young sperm,old SF,young sperm with old SF,4.696033333,5.6746,4.0606,4.3529,2.8286,Fly45_2min,178
45,"J,C",19.01.23,04.01.23,03.02.23,4,young sperm,old SF,young sperm with old SF,3.840833333,4.5066,3.2924,3.7235,2.5001,Fly45_4min,179
45,"J,C",19.01.23,04.01.23,03.02.23,6,young sperm,old SF,young sperm with old SF,3.579433333,3.926,3.4109,3.4014,2.3404,Fly45_6min,180
46,"C,J",04.01.23,19.01.23,03.02.23,0,old sperm,young SF,old sperm with young SF,8.258433333,8.4756,8.1428,8.1569,4.4476,Fly46_0min,181
46,"C,J",04.01.23,19.01.23,03.02.23,2,old sperm,young SF,old sperm with young SF,6.5406,6.7788,6.8296,6.0134,3.4011,Fly46_2min,182
46,"C,J",04.01.23,19.01.23,03.02.23,4,old sperm,young SF,old sperm with young SF,5.381666667,5.6688,6.0903,4.3859,2.8189,Fly46_4min,183
46,"C,J",04.01.23,19.01.23,03.02.23,6,old sperm,young SF,old sperm with young SF,4.968166667,5.0681,5.5412,4.2952,2.5544,Fly46_6min,184
47,"C,C",04.01.23,04.01.23,03.02.23,0,old sperm,old SF,old sperm with old SF,8.942333333,8.7466,9.3071,8.7733,5.5816,Fly47_0min,185
47,"C,C",04.01.23,04.01.23,03.02.23,2,old sperm,old SF,old sperm with old SF,7.914533333,8.1255,8.0547,7.5634,5.4964,Fly47_2min,186
47,"C,C",04.01.23,04.01.23,03.02.23,4,old sperm,old SF,old sperm with old SF,7.669766667,7.6395,8.0531,7.3167,5.2601,Fly47_4min,187
47,"C,C",04.01.23,04.01.23,03.02.23,6,old sperm,old SF,old sperm with old SF,7.191033333,7.0355,7.844,6.6936,5.1327,Fly47_6min,188
48,"J,J",19.01.23,19.01.23,03.02.23,0,young sperm,young SF,young sperm with young SF,5.194166667,7.7419,3.7162,4.1244,2.4339,Fly48_0min,189
48,"J,J",19.01.23,19.01.23,03.02.23,2,young sperm,young SF,young sperm with young SF,3.772766667,5.9336,2.6574,2.7273,1.9285,Fly48_2min,190
48,"J,J",19.01.23,19.01.23,03.02.23,4,young sperm,young SF,young sperm with young SF,3.6756,5.6411,2.6286,2.7571,1.8744,Fly48_4min,191
48,"J,J",19.01.23,19.01.23,03.02.23,6,young sperm,young SF,young sperm with young SF,3.625333333,5.1318,2.7426,3.0016,1.8593,Fly48_6min,192
49,"C,J",04.01.23,19.01.23,03.02.23,0,old sperm,young SF,old sperm with young SF,7.127433333,6.8453,7.2529,7.2841,5.0554,Fly49_0min,193
49,"C,J",04.01.23,19.01.23,03.02.23,2,old sperm,young SF,old sperm with young SF,5.5727,5.255,5.9601,5.503,3.981,Fly49_2min,194
49,"C,J",04.01.23,19.01.23,03.02.23,4,old sperm,young SF,old sperm with young SF,5.0104,4.6057,5.2009,5.2246,3.6726,Fly49_4min,195
49,"C,J",04.01.23,19.01.23,03.02.23,6,old sperm,young SF,old sperm with young SF,4.7221,4.6239,4.9169,4.6255,3.4676,Fly49_6min,196
50,"C,C",04.01.23,04.01.23,03.02.23,0,old sperm,old SF,old sperm with old SF,9.0836,8.9048,9.2825,9.0635,5.7792,Fly50_0min,197
50,"C,C",04.01.23,04.01.23,03.02.23,2,old sperm,old SF,old sperm with old SF,6.836966667,7.0501,6.3048,7.156,4.5726,Fly50_2min,198
50,"C,C",04.01.23,04.01.23,03.02.23,4,old sperm,old SF,old sperm with old SF,5.480866667,5.4422,4.6915,6.3089,3.9025,Fly50_4min,199
50,"C,C",04.01.23,04.01.23,03.02.23,6,old sperm,old SF,old sperm with old SF,4.530133333,3.6027,4.4342,5.5535,3.4352,Fly50_6min,200
51,"J,J",19.01.23,19.01.23,03.02.23,0,young sperm,young SF,young sperm with young SF,7.134066667,7.1448,6.9657,7.2917,4.7263,Fly51_0min,201
51,"J,J",19.01.23,19.01.23,03.02.23,2,young sperm,young SF,young sperm with young SF,4.9641,5.5757,4.928,4.3886,3.3896,Fly51_2min,202
51,"J,J",19.01.23,19.01.23,03.02.23,4,young sperm,young SF,young sperm with young SF,4.187466667,4.6962,3.9739,3.8923,3.0729,Fly51_4min,203
51,"J,J",19.01.23,19.01.23,03.02.23,6,young sperm,young SF,young sperm with young SF,5.3643,6.193,4.8916,5.0083,3.6141,Fly51_6min,204
52,"J,C",19.01.23,04.01.23,03.02.23,0,young sperm,old SF,young sperm with old SF,12.2877,12.9221,13.3443,10.5967,6.1581,Fly52_0min,205
52,"J,C",19.01.23,04.01.23,03.02.23,2,young sperm,old SF,young sperm with old SF,11.44056667,12.414,11.4272,10.4805,6.4867,Fly52_2min,206
52,"J,C",19.01.23,04.01.23,03.02.23,4,young sperm,old SF,young sperm with old SF,10.88736667,12.0146,11.1056,9.5419,5.5141,Fly52_4min,207
52,"J,C",19.01.23,04.01.23,03.02.23,6,young sperm,old SF,young sperm with old SF,10.15693333,11.876,9.6771,8.9177,4.8408,Fly52_6min,208
53,"D,D",05.01.23,05.01.23,06.02.23,0,old sperm,old SF,old sperm with old SF,7.040066667,8.2656,6.5283,6.3263,4.4385,Fly53_0min,209
53,"D,D",05.01.23,05.01.23,06.02.23,2,old sperm,old SF,old sperm with old SF,5.405833333,6.3873,4.993,4.8372,3.0797,Fly53_2min,210
53,"D,D",05.01.23,05.01.23,06.02.23,4,old sperm,old SF,old sperm with old SF,4.386933333,5.7765,4.0134,3.3709,2.4657,Fly53_4min,211
53,"D,D",05.01.23,05.01.23,06.02.23,6,old sperm,old SF,old sperm with old SF,3.590333333,4.7695,3.4561,2.5454,2.1643,Fly53_6min,212
54,"D,D",05.01.23,05.01.23,06.02.23,0,old sperm,old SF,old sperm with old SF,5.900566667,5.4223,6.6239,5.6555,2.9721,Fly54_0min,213
54,"D,D",05.01.23,05.01.23,06.02.23,2,old sperm,old SF,old sperm with old SF,4.637066667,3.9348,5.3827,4.5937,2.3936,Fly54_2min,214
54,"D,D",05.01.23,05.01.23,06.02.23,4,old sperm,old SF,old sperm with old SF,3.9758,3.5135,4.516,3.8979,2.2022,Fly54_4min,215
54,"D,D",05.01.23,05.01.23,06.02.23,6,old sperm,old SF,old sperm with old SF,3.381766667,3.4785,3.4661,3.2007,2.0721,Fly54_6min,216
55,"D,K",05.01.23,20.01.23,06.02.23,0,old sperm,young SF,old sperm with young SF,10.1737,10.8234,9.0955,10.6022,4.519,Fly55_0min,217
55,"D,K",05.01.23,20.01.23,06.02.23,2,old sperm,young SF,old sperm with young SF,9.760666667,11.1939,8.296,9.7921,3.9514,Fly55_2min,218
55,"D,K",05.01.23,20.01.23,06.02.23,4,old sperm,young SF,old sperm with young SF,8.914333333,9.4675,7.88,9.3955,3.7134,Fly55_4min,219
55,"D,K",05.01.23,20.01.23,06.02.23,6,old sperm,young SF,old sperm with young SF,7.237466667,7.753,7.4952,6.4642,3.4056,Fly55_6min,220
56,"D,K",05.01.23,20.01.23,06.02.23,0,old sperm,young SF,old sperm with young SF,6.251066667,4.9068,6.5451,7.3013,3.1428,Fly56_0min,221
56,"D,K",05.01.23,20.01.23,06.02.23,2,old sperm,young SF,old sperm with young SF,5.409533333,4.2603,5.2509,6.7174,2.5355,Fly56_2min,222
56,"D,K",05.01.23,20.01.23,06.02.23,4,old sperm,young SF,old sperm with young SF,4.102366667,3.423,2.9957,5.8884,2.2728,Fly56_4min,223
56,"D,K",05.01.23,20.01.23,06.02.23,6,old sperm,young SF,old sperm with young SF,3.4774,3.2176,3.0005,4.2141,2.0811,Fly56_6min,224
57,"K,K",20.01.23,20.01.23,06.02.23,0,young sperm,young SF,young sperm with young SF,9.238266667,9.2415,10.2275,8.2458,5.8452,Fly57_0min,225
57,"K,K",20.01.23,20.01.23,06.02.23,2,young sperm,young SF,young sperm with young SF,8.140766667,7.9611,8.4041,8.0571,5.2218,Fly57_2min,226
57,"K,K",20.01.23,20.01.23,06.02.23,4,young sperm,young SF,young sperm with young SF,7.417966667,7.8707,6.2419,8.1413,4.6627,Fly57_4min,227
57,"K,K",20.01.23,20.01.23,06.02.23,6,young sperm,young SF,young sperm with young SF,5.661333333,6.8374,3.1149,7.0317,4.0872,Fly57_6min,228
58,"K,K",20.01.23,20.01.23,06.02.23,0,young sperm,young SF,young sperm with young SF,7.4469,8.834,7.2906,6.2161,3.1447,Fly58_0min,229
58,"K,K",20.01.23,20.01.23,06.02.23,2,young sperm,young SF,young sperm with young SF,5.4894,6.6951,4.5755,5.1976,2.7376,Fly58_2min,230
58,"K,K",20.01.23,20.01.23,06.02.23,4,young sperm,young SF,young sperm with young SF,4.687466667,5.6376,3.7272,4.6976,2.5071,Fly58_4min,231
58,"K,K",20.01.23,20.01.23,06.02.23,6,young sperm,young SF,young sperm with young SF,4.015733333,4.7564,3.0411,4.2497,2.3138,Fly58_6min,232
59,"K,D",20.01.23,05.01.23,06.02.23,0,young sperm,old SF,young sperm with old SF,9.747333333,9.3094,10.5018,9.4308,6.1092,Fly59_0min,233
59,"K,D",20.01.23,05.01.23,06.02.23,2,young sperm,old SF,young sperm with old SF,7.186266667,7.9408,6.5556,7.0624,5.2577,Fly59_2min,234
59,"K,D",20.01.23,05.01.23,06.02.23,4,young sperm,old SF,young sperm with old SF,5.869366667,6.7131,5.242,5.653,4.5148,Fly59_4min,235
59,"K,D",20.01.23,05.01.23,06.02.23,6,young sperm,old SF,young sperm with old SF,4.678,5.7025,3.9199,4.4116,4.0742,Fly59_6min,236
60,"K,D",20.01.23,05.01.23,06.02.23,0,young sperm,old SF,young sperm with old SF,3.51,4.4789,3.6744,2.3767,2.6588,Fly60_0min,237
60,"K,D",20.01.23,05.01.23,06.02.23,2,young sperm,old SF,young sperm with old SF,2.680433333,4.0645,2.3581,1.6187,2.1065,Fly60_2min,238
60,"K,D",20.01.23,05.01.23,06.02.23,4,young sperm,old SF,young sperm with old SF,2.2288,3.435,1.9036,1.3478,1.7577,Fly60_4min,239
60,"K,D",20.01.23,05.01.23,06.02.23,6,young sperm,old SF,young sperm with old SF,1.993533333,2.904,1.6611,1.4155,1.6309,Fly60_6min,240
61,"D,D",05.01.23,05.01.23,06.02.23,0,old sperm,old SF,old sperm with old SF,4.138966667,4.6162,3.78,4.0207,3.402,Fly61_0min,241
61,"D,D",05.01.23,05.01.23,06.02.23,2,old sperm,old SF,old sperm with old SF,3.818433333,4.1767,4.1721,3.1065,3.1699,Fly61_2min,242
61,"D,D",05.01.23,05.01.23,06.02.23,4,old sperm,old SF,old sperm with old SF,3.021966667,3.0851,3.042,2.9388,2.6891,Fly61_4min,243
61,"D,D",05.01.23,05.01.23,06.02.23,6,old sperm,old SF,old sperm with old SF,3.757866667,3.4181,5.1255,2.73,2.9983,Fly61_6min,244
62,"D,D",05.01.23,05.01.23,06.02.23,0,old sperm,old SF,old sperm with old SF,8.627066667,8.3334,8.6206,8.9272,4.2879,Fly62_0min,245
62,"D,D",05.01.23,05.01.23,06.02.23,2,old sperm,old SF,old sperm with old SF,7.5813,7.2774,7.4903,7.9762,4.6084,Fly62_2min,246
62,"D,D",05.01.23,05.01.23,06.02.23,4,old sperm,old SF,old sperm with old SF,7.397766667,7.3024,7.595,7.2959,4.698,Fly62_4min,247
62,"D,D",05.01.23,05.01.23,06.02.23,6,old sperm,old SF,old sperm with old SF,7.0226,6.9259,7.678,6.4639,4.5964,Fly62_6min,248
63,"D,K",05.01.23,20.01.23,06.02.23,0,old sperm,young SF,old sperm with young SF,10.6716,13.8527,8.7868,9.3753,4.4946,Fly63_0min,249
63,"D,K",05.01.23,20.01.23,06.02.23,2,old sperm,young SF,old sperm with young SF,7.130433333,8.1793,6.0492,7.1628,3.6995,Fly63_2min,250
63,"D,K",05.01.23,20.01.23,06.02.23,4,old sperm,young SF,old sperm with young SF,5.1165,5.217,4.1933,5.9392,2.9638,Fly63_4min,251
63,"D,K",05.01.23,20.01.23,06.02.23,6,old sperm,young SF,old sperm with young SF,3.9552,3.9723,3.2205,4.6728,2.5548,Fly63_6min,252
64,"D,K",05.01.23,20.01.23,06.02.23,0,old sperm,young SF,old sperm with young SF,1.827133333,1.5464,2.0406,1.8944,1.6895,Fly64_0min,253
64,"D,K",05.01.23,20.01.23,06.02.23,2,old sperm,young SF,old sperm with young SF,1.557933333,1.3034,1.7365,1.6339,1.5868,Fly64_2min,254
64,"D,K",05.01.23,20.01.23,06.02.23,4,old sperm,young SF,old sperm with young SF,1.424166667,1.2272,1.5855,1.4598,1.5099,Fly64_4min,255
64,"D,K",05.01.23,20.01.23,06.02.23,6,old sperm,young SF,old sperm with young SF,1.357066667,1.2091,1.5159,1.3462,1.478,Fly64_6min,256
65,"K,K",20.01.23,20.01.23,06.02.23,0,young sperm,young SF,young sperm with young SF,8.740666667,9.0622,8.4149,8.7449,5.6813,Fly65_0min,257
65,"K,K",20.01.23,20.01.23,06.02.23,2,young sperm,young SF,young sperm with young SF,8.4275,8.573,8.2618,8.4477,5.4771,Fly65_2min,258
65,"K,K",20.01.23,20.01.23,06.02.23,4,young sperm,young SF,young sperm with young SF,8.019766667,8.0022,8.0833,7.9738,5.1475,Fly65_4min,259
65,"K,K",20.01.23,20.01.23,06.02.23,6,young sperm,young SF,young sperm with young SF,7.832866667,7.557,8.0742,7.8674,4.9771,Fly65_6min,260
66,"K,K",20.01.23,20.01.23,06.02.23,0,young sperm,young SF,young sperm with young SF,4.4485,4.797,4.4703,4.0782,3.3243,Fly66_0min,261
66,"K,K",20.01.23,20.01.23,06.02.23,2,young sperm,young SF,young sperm with young SF,2.777133333,2.9561,3.0595,2.3158,2.2733,Fly66_2min,262
66,"K,K",20.01.23,20.01.23,06.02.23,4,young sperm,young SF,young sperm with young SF,1.7252,1.8936,1.8921,1.3899,1.7361,Fly66_4min,263
66,"K,K",20.01.23,20.01.23,06.02.23,6,young sperm,young SF,young sperm with young SF,1.482066667,1.8295,1.3501,1.2666,1.5672,Fly66_6min,264
67,"K,D",20.01.23,05.01.23,06.02.23,0,young sperm,old SF,young sperm with old SF,8.421333333,8.8842,7.7618,8.618,5.1666,Fly67_0min,265
67,"K,D",20.01.23,05.01.23,06.02.23,2,young sperm,old SF,young sperm with old SF,8.1557,8.6852,7.7797,8.0022,4.6555,Fly67_2min,266
67,"K,D",20.01.23,05.01.23,06.02.23,4,young sperm,old SF,young sperm with old SF,7.110966667,8.4464,5.8019,7.0846,4.2375,Fly67_4min,267
67,"K,D",20.01.23,05.01.23,06.02.23,6,young sperm,old SF,young sperm with old SF,6.670333333,7.9584,5.458,6.5946,3.9945,Fly67_6min,268
68,"K,D",20.01.23,05.01.23,06.02.23,0,young sperm,old SF,young sperm with old SF,8.942566667,10.9482,7.6638,8.2157,5.0506,Fly68_0min,269
68,"K,D",20.01.23,05.01.23,06.02.23,2,young sperm,old SF,young sperm with old SF,7.845266667,8.8764,7.2932,7.3662,4.2864,Fly68_2min,270
68,"K,D",20.01.23,05.01.23,06.02.23,4,young sperm,old SF,young sperm with old SF,7.322866667,8.5597,6.8455,6.5634,4.0151,Fly68_4min,271
68,"K,D",20.01.23,05.01.23,06.02.23,6,young sperm,old SF,young sperm with old SF,6.934933333,8.1643,6.4296,6.2109,3.741,Fly68_6min,272